{
  "tau1": 0.11189963272616212,
  "tau2": 0.4661517258048494,
  "r_star": 0.8,
  "p_star": 0.7,
  "fallback": {
    "tau1": false,
    "tau2": false
  },
  "recall_at_tau1": 0.8000229550845512,
  "precision_at_tau2": 0.7
}